{"data_time": 0.001372300000184623, "eta_seconds": 297.95510600008583, "fast_rcnn/cls_accuracy": 0.828125, "fast_rcnn/false_negative": 1.0, "fast_rcnn/fg_cls_accuracy": 0.0, "iteration": 19, "loss_box_reg": 0.4668290764093399, "loss_cls": 0.41565604507923126, "loss_rpn_cls": 0.0024566473439335823, "loss_rpn_loc": 0.007595835719257593, "lr": 0.0006527000000000001, "roi_head/num_bg_samples": 112.25, "roi_head/num_fg_samples": 15.75, "rpn/num_neg_anchors": 252.5, "rpn/num_pos_anchors": 3.5, "time": 0.513715700000148, "total_loss": 1.0512713574935333}
{"data_time": 0.001874250000128086, "eta_seconds": 300.27474400001665, "fast_rcnn/cls_accuracy": 0.943359375, "fast_rcnn/false_negative": 0.3011627906976744, "fast_rcnn/fg_cls_accuracy": 0.6988372093023256, "iteration": 39, "loss_box_reg": 0.415100634098053, "loss_cls": 0.1300002560019493, "loss_rpn_cls": 0.002173258864786476, "loss_rpn_loc": 0.005750845884904265, "lr": 0.0013187000000000001, "roi_head/num_bg_samples": 111.5, "roi_head/num_fg_samples": 16.5, "rpn/num_neg_anchors": 252.25, "rpn/num_pos_anchors": 3.75, "time": 0.5739134000000377, "total_loss": 0.581387120182626}
{"data_time": 0.001954200000000128, "eta_seconds": 289.55064600001606, "fast_rcnn/cls_accuracy": 0.96875, "fast_rcnn/false_negative": 0.05969267139479905, "fast_rcnn/fg_cls_accuracy": 0.9403073286052009, "iteration": 59, "loss_box_reg": 0.3790477365255356, "loss_cls": 0.08087833970785141, "loss_rpn_cls": 0.0003785109438467771, "loss_rpn_loc": 0.006366281537339091, "lr": 0.0019847, "roi_head/num_bg_samples": 105.0, "roi_head/num_fg_samples": 23.0, "rpn/num_neg_anchors": 252.0, "rpn/num_pos_anchors": 4.0, "time": 0.5345888499998637, "total_loss": 0.47737461322685704}
{"data_time": 0.0020359000000098604, "eta_seconds": 286.16580200008684, "fast_rcnn/cls_accuracy": 0.974609375, "fast_rcnn/false_negative": 0.03351351351351352, "fast_rcnn/fg_cls_accuracy": 0.9664864864864865, "iteration": 79, "loss_box_reg": 0.2837284803390503, "loss_cls": 0.06543795019388199, "loss_rpn_cls": 0.00014897173241479322, "loss_rpn_loc": 0.004821378737688065, "lr": 0.0026506999999999998, "roi_head/num_bg_samples": 104.75, "roi_head/num_fg_samples": 23.25, "rpn/num_neg_anchors": 252.5, "rpn/num_pos_anchors": 3.5, "time": 0.5729876500001865, "total_loss": 0.3524647012418427}
{"data_time": 0.0019752999999127496, "eta_seconds": 274.266750000038, "fast_rcnn/cls_accuracy": 0.984375, "fast_rcnn/false_negative": 0.01950757575757576, "fast_rcnn/fg_cls_accuracy": 0.9804924242424242, "iteration": 99, "loss_box_reg": 0.26395268738269806, "loss_cls": 0.048478053882718086, "loss_rpn_cls": 0.000185021483048331, "loss_rpn_loc": 0.0032753803534433246, "lr": 0.0033167, "roi_head/num_bg_samples": 106.75, "roi_head/num_fg_samples": 21.25, "rpn/num_neg_anchors": 252.5, "rpn/num_pos_anchors": 3.5, "time": 0.5442505500002426, "total_loss": 0.31089624968808494}
{"data_time": 0.001929399999880843, "eta_seconds": 264.15304800008016, "fast_rcnn/cls_accuracy": 0.984375, "fast_rcnn/false_negative": 0.022001934235976787, "fast_rcnn/fg_cls_accuracy": 0.9779980657640233, "iteration": 119, "loss_box_reg": 0.1926298290491104, "loss_cls": 0.05411975458264351, "loss_rpn_cls": 0.00023316271108342335, "loss_rpn_loc": 0.0032439492642879486, "lr": 0.0039827000000000005, "roi_head/num_bg_samples": 106.0, "roi_head/num_fg_samples": 22.0, "rpn/num_neg_anchors": 252.25, "rpn/num_pos_anchors": 3.75, "time": 0.5600514000000203, "total_loss": 0.2524690853242646}
{"data_time": 0.0020099999999274587, "eta_seconds": 257.5195229999872, "fast_rcnn/cls_accuracy": 0.98828125, "fast_rcnn/false_negative": 0.019803921568627453, "fast_rcnn/fg_cls_accuracy": 0.9801960784313726, "iteration": 139, "loss_box_reg": 0.20919974148273468, "loss_cls": 0.033541081473231316, "loss_rpn_cls": 9.333351408713497e-05, "loss_rpn_loc": 0.003170992713421583, "lr": 0.0046487, "roi_head/num_bg_samples": 105.75, "roi_head/num_fg_samples": 22.25, "rpn/num_neg_anchors": 252.5, "rpn/num_pos_anchors": 3.5, "time": 0.593873849999909, "total_loss": 0.24268176188343205}
{"data_time": 0.002030350000040926, "eta_seconds": 250.73481400003402, "fast_rcnn/cls_accuracy": 0.98828125, "fast_rcnn/false_negative": 0.00980392156862745, "fast_rcnn/fg_cls_accuracy": 0.9901960784313726, "iteration": 159, "loss_box_reg": 0.20721502602100372, "loss_cls": 0.03643801808357239, "loss_rpn_cls": 0.0002617520513013005, "loss_rpn_loc": 0.003307859180495143, "lr": 0.0053147, "roi_head/num_bg_samples": 107.5, "roi_head/num_fg_samples": 20.5, "rpn/num_neg_anchors": 252.5, "rpn/num_pos_anchors": 3.5, "time": 0.6232727500000692, "total_loss": 0.2578091151499393}
{"data_time": 0.04762259999984053, "eta_seconds": 240.84055800002716, "fast_rcnn/cls_accuracy": 0.984375, "fast_rcnn/false_negative": 0.0227390180878553, "fast_rcnn/fg_cls_accuracy": 0.9772609819121447, "iteration": 179, "loss_box_reg": 0.1864723488688469, "loss_cls": 0.04300541803240776, "loss_rpn_cls": 0.0006841777358204126, "loss_rpn_loc": 0.0036756866611540318, "lr": 0.0059807, "roi_head/num_bg_samples": 106.5, "roi_head/num_fg_samples": 21.5, "rpn/num_neg_anchors": 251.5, "rpn/num_pos_anchors": 4.5, "time": 0.6078098499999669, "total_loss": 0.23598179099644767}
{"data_time": 0.2867120500002329, "eta_seconds": 233.43003999989378, "fast_rcnn/cls_accuracy": 0.986328125, "fast_rcnn/false_negative": 0.02353266888150609, "fast_rcnn/fg_cls_accuracy": 0.9764673311184939, "iteration": 199, "loss_box_reg": 0.18905310332775116, "loss_cls": 0.03782143443822861, "loss_rpn_cls": 0.0004455125308595598, "loss_rpn_loc": 0.0026443270035088062, "lr": 0.0066467, "roi_head/num_bg_samples": 108.25, "roi_head/num_fg_samples": 19.75, "rpn/num_neg_anchors": 252.75, "rpn/num_pos_anchors": 3.25, "time": 1.0387352499999452, "total_loss": 0.23258087133581284}
{"data_time": 0.23893554999995104, "eta_seconds": 229.08345600001212, "fast_rcnn/cls_accuracy": 0.98828125, "fast_rcnn/false_negative": 0.0, "fast_rcnn/fg_cls_accuracy": 1.0, "iteration": 219, "loss_box_reg": 0.17746596038341522, "loss_cls": 0.0331822894513607, "loss_rpn_cls": 0.0003401792491786182, "loss_rpn_loc": 0.00227748672477901, "lr": 0.0073127, "roi_head/num_bg_samples": 108.25, "roi_head/num_fg_samples": 19.75, "rpn/num_neg_anchors": 252.5, "rpn/num_pos_anchors": 3.5, "time": 0.9977158000001509, "total_loss": 0.20584330076962942}
{"data_time": 0.2607657499997913, "eta_seconds": 222.8191020000486, "fast_rcnn/cls_accuracy": 0.98828125, "fast_rcnn/false_negative": 0.0227390180878553, "fast_rcnn/fg_cls_accuracy": 0.9772609819121447, "iteration": 239, "loss_box_reg": 0.1664051190018654, "loss_cls": 0.032652830705046654, "loss_rpn_cls": 0.00044754067494068295, "loss_rpn_loc": 0.0026658166898414493, "lr": 0.0079787, "roi_head/num_bg_samples": 108.0, "roi_head/num_fg_samples": 20.0, "rpn/num_neg_anchors": 252.0, "rpn/num_pos_anchors": 4.0, "time": 1.0314699500002007, "total_loss": 0.2101353530670167}
{"data_time": 0.288985650000086, "eta_seconds": 225.20071700002973, "fast_rcnn/cls_accuracy": 0.98828125, "fast_rcnn/false_negative": 0.02638888888888889, "fast_rcnn/fg_cls_accuracy": 0.9736111111111111, "iteration": 259, "loss_box_reg": 0.14918291568756104, "loss_cls": 0.03085974045097828, "loss_rpn_cls": 0.0005296902672853321, "loss_rpn_loc": 0.0024342902470380068, "lr": 0.0086447, "roi_head/num_bg_samples": 109.5, "roi_head/num_fg_samples": 18.5, "rpn/num_neg_anchors": 252.5, "rpn/num_pos_anchors": 3.5, "time": 0.9858807000000525, "total_loss": 0.18127499551337678}
{"data_time": 0.2570157999998628, "eta_seconds": 224.21166399995855, "fast_rcnn/cls_accuracy": 0.9921875, "fast_rcnn/false_negative": 0.0, "fast_rcnn/fg_cls_accuracy": 1.0, "iteration": 279, "loss_box_reg": 0.1554393693804741, "loss_cls": 0.02825184166431427, "loss_rpn_cls": 0.0004260015848558396, "loss_rpn_loc": 0.0022827585926279426, "lr": 0.009310700000000002, "roi_head/num_bg_samples": 108.25, "roi_head/num_fg_samples": 19.75, "rpn/num_neg_anchors": 252.0, "rpn/num_pos_anchors": 4.0, "time": 0.9400878499998271,